timestamp,target_field,ats_score,word_count,match_percentage,score_contact_info,score_professional_summary,score_work_experience,score_education,score_skills,score_keywords_match,score_formatting,score_length
2025-07-10T16:40:39.015478,Software Engineering,57.6,60,44.0,4,0,15,5,20.0,6.6,6,1
2025-07-10T16:41:34.235571,Software Engineering,82.6,458,44.0,10,0,25,10,20.0,6.6,6,5
2025-07-10T16:53:46.843228,Software Engineering,57.6,60,44.0,4,0,15,5,20.0,6.6,6,1
2025-07-10T17:04:32.148496,Software Engineering,82.6,458,44.0,10,0,25,10,20.0,6.6,6,5
2025-07-10T17:14:02.623208,Software Engineering,82.6,458,44.0,10,0,25,10,20.0,6.6,6,5
2025-07-10T17:28:00.821745,Software Engineering,66.8,446,32.0,10,0,15,10,17.0,4.8,5,5
