id,resume_text,job_field,experience_level,ats_score,created_date
SE_038,AR/VR developer with Unity and Unreal Engine experience. Created immersive experiences for training and entertainment.,Software Engineering,Junior,89,2024-10-23T16:40:52.146950
DA_023,Government Data Analyst with public policy and program evaluation experience. Analyzed social programs and policy effectiveness. Experience with census data and government databases.,Data Analyst,Junior,65,2024-07-15T16:40:52.147015
DA_045,Geospatial Data Analyst with GIS and location analytics experience. Analyzed spatial patterns and geographic trends. Experience with mapping software and location-based services.,Data Analyst,Mid,66,2025-05-16T16:40:52.147054
CON_003,"IT Consultant specializing in system implementations and technology assessments. Led ERP implementations for mid-market companies. Expert in project management, vendor selection, and user training.",Consultant,Senior,79,2024-12-19T16:40:52.147071
CON_036,Sales Consultant with revenue optimization and sales process improvement experience. Increased sales performance by 45% through methodology implementation. Expert in CRM and sales training.,Consultant,Partner,83,2025-06-01T16:40:52.147132
DA_005,"Healthcare Data Analyst with experience in clinical research and population health. Analyzed patient outcomes and treatment effectiveness. Proficient in R, SAS, and medical databases.",Data Analyst,Senior,73,2024-09-09T16:40:52.146983
CON_014,Business Process Consultant with workflow optimization and automation experience. Automated manual processes saving 500+ hours monthly. Expert in process mapping and improvement methodologies.,Consultant,Mid,95,2025-03-15T16:40:52.147090
CON_037,Communication Consultant with internal communications and stakeholder engagement experience. Improved employee engagement scores by 35% through communication strategy. Expert in change communication.,Consultant,Junior,81,2025-03-30T16:40:52.147134
CON_013,"Change Management Consultant with organizational transformation experience. Managed change initiatives affecting 10,000+ employees. Expert in stakeholder engagement and communication planning.",Consultant,Senior,95,2025-04-11T16:40:52.147088
SE_033,"Fintech developer with experience in trading systems, risk management, and regulatory compliance. Built high-frequency trading algorithms.",Software Engineering,Lead,79,2025-01-04T16:40:52.146942
SE_010,"Security engineer with expertise in penetration testing, vulnerability assessment, and secure coding practices. Experience with OWASP, cryptography, and security frameworks.",Software Engineering,Senior,78,2024-07-21T16:40:52.146899
SE_051,Career changer from finance to software development. Leveraging analytical skills and domain knowledge in fintech applications.,Software Engineering,Senior,68,2024-09-24T16:40:52.146973
SE_021,"Software consultant helping companies modernize legacy systems. Experience with system migrations, technology assessments, and team training.",Software Engineering,Senior,82,2025-05-30T16:40:52.146920
DA_017,Energy Data Analyst with utility and renewable energy experience. Analyzed energy consumption patterns and grid optimization. Experience with time series forecasting and energy markets.,Data Analyst,Senior,61,2025-04-25T16:40:52.147005
SE_015,"Blockchain developer with Solidity and Web3 experience. Developed smart contracts and DeFi applications. Experience with Ethereum, Polygon, and cryptocurrency trading platforms.",Software Engineering,Lead,93,2024-08-26T16:40:52.146909
DA_031,Credit Data Analyst with lending and underwriting experience. Built credit scoring models and portfolio analysis tools. Experience with credit bureaus and regulatory compliance.,Data Analyst,Mid,86,2024-12-14T16:40:52.147029
SE_024,"API developer with expertise in REST, GraphQL, and microservices. Built developer-friendly APIs with comprehensive documentation and SDKs.",Software Engineering,Lead,82,2024-09-27T16:40:52.146925
DA_008,HR Data Analyst with people analytics and workforce planning experience. Improved employee retention by 20% through predictive modeling. Experience with HRIS systems and compensation analysis.,Data Analyst,Junior,87,2025-01-30T16:40:52.146989
CON_044,Project Management Consultant with PMO setup and methodology implementation experience. Improved project success rates by 50% through standardization. Expert in project governance and training.,Consultant,Senior,89,2024-10-08T16:40:52.147148
DA_010,Social Media Data Analyst with expertise in sentiment analysis and engagement metrics. Managed social media campaigns reaching 1M+ users. Experience with social listening tools and influencer analytics.,Data Analyst,Junior,83,2024-10-13T16:40:52.146992
DA_002,"Business Intelligence Analyst with expertise in Power BI, Excel, and data warehousing. Built executive dashboards tracking KPIs across multiple business units. Strong background in ETL processes and data modeling.",Data Analyst,Junior,67,2025-01-04T16:40:52.146978
DA_035,Freelance Data Analyst with diverse industry experience. Helped small businesses make data-driven decisions. Strong communication skills and ability to explain complex analysis.,Data Analyst,Lead,76,2024-11-29T16:40:52.147037
DA_033,"Data Visualization Specialist with dashboard design and storytelling experience. Created compelling data narratives for executive presentations. Expert in Tableau, Power BI, and D3.js.",Data Analyst,Senior,64,2024-12-02T16:40:52.147033
CON_010,Sustainability Consultant with ESG and carbon footprint analysis experience. Helped companies achieve sustainability goals and certifications. Expert in environmental impact assessment.,Consultant,Partner,92,2024-10-15T16:40:52.147083
CON_016,Customer Experience Consultant with journey mapping and service design experience. Improved customer satisfaction scores by 25% through experience optimization. Expert in voice of customer programs.,Consultant,Mid,84,2024-08-12T16:40:52.147094
CON_030,Turnaround Consultant with restructuring and performance improvement experience. Led turnaround efforts for distressed companies. Expert in cost reduction and operational restructuring.,Consultant,Partner,92,2025-02-17T16:40:52.147119
DA_037,Self-taught Data Analyst with online certification and portfolio projects. Built personal projects demonstrating analytical skills. Active in data science communities.,Data Analyst,Lead,88,2025-05-08T16:40:52.147040
DA_050,Survey Data Analyst with questionnaire design and response analysis experience. Analyzed customer satisfaction and employee engagement surveys. Experience with survey weighting and bias correction.,Data Analyst,Lead,88,2024-12-17T16:40:52.147063
DA_013,Product Data Analyst with user behavior and product metrics experience. Drove product decisions through cohort analysis and feature usage tracking. Experience with product analytics tools and experimentation.,Data Analyst,Junior,80,2024-07-17T16:40:52.146997
DA_004,"Financial Data Analyst with CPA background and advanced Excel skills. Built financial models and forecasting systems. Experience with SAP, Oracle, and financial reporting automation.",Data Analyst,Senior,62,2025-05-07T16:40:52.146982
CON_015,Data Strategy Consultant with analytics and business intelligence experience. Built data strategies and governance frameworks. Expert in data monetization and analytics ROI.,Consultant,Mid,71,2024-11-08T16:40:52.147092
SE_036,GIS developer with mapping and geospatial analysis experience. Built location-based services and geographic information systems.,Software Engineering,Junior,84,2024-12-19T16:40:52.146947
CON_033,Organizational Design Consultant with structure optimization and role definition experience. Redesigned organizations improving efficiency by 30%. Expert in job design and reporting relationships.,Consultant,Mid,70,2024-11-05T16:40:52.147126
SE_019,Open source contributor with 50+ GitHub repositories. Active in Python and JavaScript communities. Speaker at tech conferences and meetups.,Software Engineering,Lead,68,2024-09-02T16:40:52.146916
SE_004,"Frontend developer with expertise in React, Vue.js, TypeScript, and modern CSS frameworks. Strong understanding of responsive design, accessibility, and browser compatibility. Experience with webpack, Babel, and modern build tools.",Software Engineering,Mid,66,2025-05-19T16:40:52.146878
SE_031,"Web scraping specialist with Python, Scrapy, and data extraction experience. Built large-scale web crawling systems.",Software Engineering,Lead,81,2025-05-15T16:40:52.146938
CON_025,Digital Transformation Consultant with agile and innovation experience. Led digital initiatives improving customer engagement by 60%. Expert in design thinking and innovation methodologies.,Consultant,Partner,92,2025-03-12T16:40:52.147109
DA_012,Risk Data Analyst with credit risk and fraud detection experience. Built risk scoring models reducing default rates by 30%. Experience with regulatory reporting and compliance analytics.,Data Analyst,Mid,65,2025-01-12T16:40:52.146996
DA_021,Insurance Data Analyst with actuarial and claims analysis experience. Built predictive models for risk assessment and pricing. Experience with insurance databases and regulatory reporting.,Data Analyst,Mid,87,2025-05-16T16:40:52.147012
DA_048,A/B Testing Specialist with experimental design and statistical testing experience. Designed and analyzed experiments improving conversion rates. Experience with statistical significance and power analysis.,Data Analyst,Senior,79,2025-04-09T16:40:52.147060
CON_012,Technology Consultant with cloud migration and digital strategy experience. Led cloud transformations saving clients 40% on IT costs. Expert in technology roadmaps and architecture design.,Consultant,Partner,70,2025-06-16T16:40:52.147087
DA_009,Sports Data Analyst with statistical modeling and performance analysis experience. Built player evaluation systems and game strategy models. Experience with sports databases and video analysis.,Data Analyst,Junior,84,2025-02-18T16:40:52.146990
DA_015,"Research Data Analyst with survey design and statistical analysis experience. Conducted market research studies for Fortune 500 companies. Experience with SPSS, R, and survey platforms.",Data Analyst,Mid,61,2024-12-19T16:40:52.147001
DA_051,Cohort Analysis Specialist with customer lifecycle and retention analysis experience. Tracked user behavior and engagement over time. Experience with customer journey mapping and churn prediction.,Data Analyst,Mid,87,2024-12-01T16:40:52.147065
DA_034,Junior Data Analyst with internship experience and strong analytical skills. Recent statistics graduate with coursework in machine learning and data mining. Eager to apply academic knowledge.,Data Analyst,Lead,80,2025-04-20T16:40:52.147035
DA_030,Inventory Data Analyst with demand planning and stock optimization experience. Reduced inventory costs by 20% while maintaining service levels. Experience with forecasting and inventory management systems.,Data Analyst,Mid,62,2025-04-18T16:40:52.147028
SE_040,Automation engineer with RPA and workflow optimization experience. Automated business processes saving 1000+ hours monthly.,Software Engineering,Senior,92,2025-05-31T16:40:52.146954
CON_018,Retail Consultant with merchandising and store operations experience. Increased same-store sales by 15% through category optimization. Expert in retail analytics and customer behavior.,Consultant,Senior,95,2024-09-21T16:40:52.147097
SE_028,Compiler engineer with LLVM and language design experience. Contributed to open source programming languages and optimization techniques.,Software Engineering,Senior,71,2025-01-16T16:40:52.146933
SE_029,"Network engineer with TCP/IP, routing protocols, and network security experience. Designed enterprise network architectures.",Software Engineering,Junior,83,2025-06-08T16:40:52.146934
SE_001,"Senior Software Engineer with 5+ years experience in Python, Django, React, and AWS. Built scalable web applications serving 100K+ users. Expert in microservices architecture, Docker, Kubernetes, and CI/CD pipelines. Strong background in agile development and test-driven development.",Software Engineering,Lead,68,2024-10-02T16:40:52.146860
SE_002,"Full-stack developer proficient in JavaScript, Node.js, React, and MongoDB. Experience with RESTful APIs, GraphQL, and cloud deployment on AWS and Azure. Passionate about clean code, performance optimization, and user experience design.",Software Engineering,Lead,79,2024-08-14T16:40:52.146872
SE_018,"Technical lead with 6+ years experience managing development teams. Strong background in agile methodologies, code reviews, and technical mentoring.",Software Engineering,Lead,72,2025-05-08T16:40:52.146914
DA_044,"Compliance Data Analyst with regulatory reporting and audit support experience. Ensured data accuracy and regulatory compliance. Experience with SOX, GDPR, and industry regulations.",Data Analyst,Senior,80,2025-01-09T16:40:52.147052
SE_025,"Database administrator with PostgreSQL, MySQL, and MongoDB experience. Optimized database performance and implemented backup strategies.",Software Engineering,Senior,65,2025-02-06T16:40:52.146927
CON_046,"Workforce Planning Consultant with talent strategy and succession planning experience. Developed workforce plans for 50,000+ employee organizations. Expert in talent analytics and forecasting.",Consultant,Senior,76,2024-08-22T16:40:52.147151
CON_039,Facilities Management Consultant with space optimization and cost reduction experience. Reduced facility costs by 30% through strategic planning. Expert in workplace design and real estate strategy.,Consultant,Mid,70,2025-01-17T16:40:52.147139
CON_040,Insurance Consultant with risk management and claims optimization experience. Reduced insurance costs by 25% through risk mitigation strategies. Expert in coverage analysis and broker management.,Consultant,Partner,86,2024-08-08T16:40:52.147141
DA_027,Web Data Analyst with digital marketing and conversion optimization experience. Improved website performance through user behavior analysis. Experience with Google Analytics and heat mapping tools.,Data Analyst,Junior,83,2024-10-31T16:40:52.147022
CON_002,Strategy Consultant with expertise in market entry and competitive analysis. Helped clients expand into new markets generating $100M+ revenue. Strong background in financial modeling and business case development.,Consultant,Mid,80,2025-03-21T16:40:52.147069
CON_006,HR Consultant with organizational development and talent management experience. Designed compensation systems and performance management frameworks. Expert in change management and leadership development.,Consultant,Partner,95,2025-04-11T16:40:52.147076
CON_019,Energy Consultant with renewable energy and utility experience. Helped utilities transition to clean energy saving $200M+ in costs. Expert in energy markets and regulatory compliance.,Consultant,Mid,77,2024-10-06T16:40:52.147099
CON_009,Risk Management Consultant with compliance and regulatory experience. Helped financial services firms meet regulatory requirements. Expert in risk assessment and control framework design.,Consultant,Mid,83,2024-11-12T16:40:52.147081
DA_029,Pricing Data Analyst with revenue optimization and competitive analysis experience. Improved profit margins through dynamic pricing strategies. Experience with pricing software and market research.,Data Analyst,Junior,70,2025-04-16T16:40:52.147026
SE_050,Self-taught programmer with passion for continuous learning. Active in coding communities and open source contributions.,Software Engineering,Mid,92,2024-08-27T16:40:52.146972
SE_044,Cybersecurity analyst with threat detection and incident response experience. Implemented security monitoring and compliance frameworks.,Software Engineering,Mid,86,2025-03-11T16:40:52.146961
SE_012,Junior developer with 1 year experience in Python and web development. Recent computer science graduate with internship experience at tech startup. Eager to learn and grow.,Software Engineering,Mid,74,2025-07-02T16:40:52.146903
CON_026,Procurement Consultant with strategic sourcing and cost reduction experience. Achieved 20% cost savings through supplier optimization. Expert in contract negotiation and vendor management.,Consultant,Junior,76,2025-03-25T16:40:52.147111
CON_007,Marketing Consultant with brand strategy and digital marketing experience. Increased brand awareness by 200% through integrated marketing campaigns. Expert in market research and customer segmentation.,Consultant,Mid,84,2025-04-08T16:40:52.147078
CON_047,Business Intelligence Consultant with reporting and analytics implementation experience. Built BI solutions providing real-time insights. Expert in data visualization and self-service analytics.,Consultant,Mid,81,2024-12-02T16:40:52.147153
CON_038,Diversity and Inclusion Consultant with program design and culture change experience. Helped companies build inclusive cultures and practices. Expert in unconscious bias training and metrics.,Consultant,Senior,88,2025-05-24T16:40:52.147135
DA_049,Data Quality Analyst with data governance and cleansing experience. Improved data accuracy and consistency across systems. Experience with data profiling and quality metrics.,Data Analyst,Lead,68,2024-11-09T16:40:52.147062
DA_040,Quantitative Analyst with mathematical modeling and statistical analysis experience. Applied advanced statistical methods to business problems. PhD in Statistics with industry experience.,Data Analyst,Mid,66,2024-08-06T16:40:52.147045
CON_043,Pricing Strategy Consultant with revenue optimization and competitive analysis experience. Increased profit margins by 20% through pricing optimization. Expert in value-based pricing and market research.,Consultant,Mid,90,2025-04-12T16:40:52.147146
CON_001,"Senior Management Consultant with 6+ years experience at Big 4 firm. Led digital transformation projects for Fortune 500 clients resulting in $50M+ cost savings. Expert in strategy development, process optimization, and change management.",Consultant,Partner,81,2025-05-10T16:40:52.147067
SE_017,"Site reliability engineer with focus on system monitoring and incident response. Experience with Prometheus, Grafana, and on-call procedures. Improved system uptime to 99.9%.",Software Engineering,Junior,82,2024-09-20T16:40:52.146913
SE_006,Mobile app developer with 4 years experience in React Native and Flutter. Published 10+ apps on App Store and Google Play. Experience with native iOS (Swift) and Android (Kotlin) development.,Software Engineering,Lead,92,2025-06-11T16:40:52.146886
SE_048,Freelance developer with diverse project portfolio. Experience across multiple technologies and industries. Strong client communication skills.,Software Engineering,Senior,91,2024-11-16T16:40:52.146968
SE_011,"Software architect with 8+ years experience designing large-scale systems. Expert in system design, database architecture, and performance optimization. Led teams of 10+ developers.",Software Engineering,Mid,66,2024-10-16T16:40:52.146901
CON_008,Supply Chain Consultant with procurement and logistics optimization experience. Reduced supply chain costs by 25% through strategic sourcing. Expert in vendor management and contract negotiation.,Consultant,Junior,94,2025-03-30T16:40:52.147080
DA_042,Reporting Analyst with automated reporting and dashboard development experience. Streamlined reporting processes saving 20 hours weekly. Experience with report scheduling and distribution.,Data Analyst,Lead,79,2024-12-12T16:40:52.147049
SE_009,"Embedded systems engineer with C/C++ and hardware experience. Worked on IoT devices, microcontrollers, and real-time systems. Experience with ARM processors and RTOS.",Software Engineering,Senior,65,2025-02-18T16:40:52.146897
SE_047,Solutions architect with enterprise software and system integration experience. Designed complex distributed systems for Fortune 500 companies.,Software Engineering,Junior,95,2025-06-17T16:40:52.146966
CON_023,Small Business Consultant with startup and growth strategy experience. Helped 100+ small businesses scale operations. Expert in business planning and market development.,Consultant,Mid,86,2025-05-14T16:40:52.147106
CON_004,"Operations Consultant with Lean Six Sigma Black Belt certification. Improved operational efficiency by 40% through process redesign. Experience in manufacturing, healthcare, and service industries.",Consultant,Junior,85,2025-03-27T16:40:52.147072
DA_041,"Data Mining Specialist with machine learning and pattern recognition experience. Discovered hidden insights in large datasets. Experience with clustering, classification, and association rules.",Data Analyst,Senior,83,2024-07-22T16:40:52.147047
DA_020,Retail Data Analyst with merchandising and inventory analysis experience. Optimized product mix and pricing strategies. Experience with POS systems and retail analytics platforms.,Data Analyst,Lead,78,2024-09-28T16:40:52.147010
SE_020,"Startup CTO with experience building products from 0 to 1. Led technical teams, made architectural decisions, and managed product development lifecycle.",Software Engineering,Senior,83,2025-05-17T16:40:52.146918
SE_026,Computer vision engineer with OpenCV and deep learning experience. Developed image recognition systems for autonomous vehicles.,Software Engineering,Junior,95,2025-03-08T16:40:52.146929
DA_046,Text Analytics Specialist with natural language processing and sentiment analysis experience. Analyzed customer feedback and social media data. Experience with text mining and NLP libraries.,Data Analyst,Mid,79,2024-11-03T16:40:52.147056
SE_045,Software tester with manual and automated testing experience. Designed test strategies and quality assurance processes.,Software Engineering,Lead,72,2025-07-04T16:40:52.146963
CON_027,Quality Consultant with ISO certification and continuous improvement experience. Helped companies achieve quality certifications and awards. Expert in quality management systems.,Consultant,Partner,80,2024-10-12T16:40:52.147113
DA_024,Environmental Data Analyst with climate and sustainability analysis experience. Analyzed environmental impact and carbon footprint data. Experience with GIS and environmental monitoring systems.,Data Analyst,Senior,73,2024-10-11T16:40:52.147017
CON_048,Customer Success Consultant with retention and growth strategy experience. Improved customer retention by 40% through success programs. Expert in customer health scoring and expansion strategies.,Consultant,Senior,95,2024-11-18T16:40:52.147155
CON_020,Real Estate Consultant with development and investment analysis experience. Evaluated $500M+ in real estate investments. Expert in market analysis and feasibility studies.,Consultant,Junior,86,2024-08-21T16:40:52.147101
CON_022,Nonprofit Consultant with fundraising and program evaluation experience. Increased donor engagement by 50% through strategic planning. Expert in grant writing and impact measurement.,Consultant,Senior,81,2025-04-23T16:40:52.147104
CON_017,Merger & Acquisition Consultant with integration and synergy realization experience. Managed post-merger integrations achieving 95% of projected synergies. Expert in cultural integration and communication.,Consultant,Junior,88,2025-07-08T16:40:52.147095
DA_001,"Senior Data Analyst with 4+ years experience in SQL, Python, and Tableau. Analyzed customer behavior data leading to 25% increase in retention. Expert in statistical analysis, A/B testing, and data visualization.",Data Analyst,Lead,82,2025-04-01T16:40:52.146976
SE_032,"E-commerce developer with Shopify, WooCommerce, and payment gateway integration experience. Built online stores processing millions in revenue.",Software Engineering,Senior,69,2024-07-10T16:40:52.146940
SE_041,Platform engineer with Kubernetes and service mesh experience. Built developer platforms and internal tooling.,Software Engineering,Mid,67,2025-05-09T16:40:52.146956
CON_011,Healthcare Consultant with hospital operations and quality improvement experience. Improved patient satisfaction scores by 30% through process redesign. Expert in healthcare regulations and best practices.,Consultant,Partner,71,2024-11-05T16:40:52.147085
CON_042,Merger Integration Consultant with cultural alignment and synergy realization experience. Successfully integrated 20+ acquisitions. Expert in integration planning and execution.,Consultant,Senior,83,2025-04-20T16:40:52.147144
SE_027,Robotics engineer with ROS and Python experience. Built autonomous navigation systems and robotic manipulation algorithms.,Software Engineering,Mid,79,2025-01-26T16:40:52.146931
DA_003,"Marketing Data Analyst specializing in customer segmentation and campaign optimization. Increased marketing ROI by 40% through data-driven insights. Experience with Google Analytics, Adobe Analytics, and marketing automation tools.",Data Analyst,Senior,76,2025-04-30T16:40:52.146980
CON_045,Vendor Management Consultant with sourcing and relationship optimization experience. Improved vendor performance by 35% through strategic partnerships. Expert in contract management and SLAs.,Consultant,Partner,82,2025-02-09T16:40:52.147149
CON_031,Innovation Consultant with R&D and product development experience. Helped companies launch 50+ new products. Expert in innovation processes and intellectual property strategy.,Consultant,Mid,87,2024-12-22T16:40:52.147122
CON_029,Crisis Management Consultant with business continuity and disaster recovery experience. Helped companies navigate major disruptions. Expert in risk mitigation and emergency planning.,Consultant,Senior,81,2025-01-09T16:40:52.147117
SE_039,IoT developer with sensor networks and edge computing experience. Built smart home and industrial IoT solutions.,Software Engineering,Mid,65,2024-09-13T16:40:52.146952
SE_046,Technical writer with API documentation and developer relations experience. Created comprehensive technical documentation and tutorials.,Software Engineering,Senior,91,2025-04-27T16:40:52.146965
SE_030,"Systems programmer with low-level C/C++ and assembly experience. Worked on operating systems, device drivers, and embedded systems.",Software Engineering,Junior,85,2024-10-27T16:40:52.146936
DA_026,Fraud Data Analyst with anomaly detection and investigation experience. Reduced fraud losses by 40% through advanced analytics. Experience with machine learning and pattern recognition.,Data Analyst,Mid,83,2024-07-31T16:40:52.147020
DA_047,Time Series Analyst with forecasting and trend analysis experience. Built predictive models for demand planning and financial forecasting. Experience with seasonal decomposition and ARIMA models.,Data Analyst,Junior,77,2024-12-17T16:40:52.147058
SE_014,"Data engineer with Python, Spark, and Hadoop experience. Built ETL pipelines processing terabytes of data. Experience with Airflow, Kafka, and cloud data platforms.",Software Engineering,Mid,68,2024-11-26T16:40:52.146907
CON_024,International Consultant with global expansion and cross-cultural experience. Managed projects across 20+ countries. Expert in cultural adaptation and international business practices.,Consultant,Mid,86,2025-04-01T16:40:52.147108
DA_036,Data Analyst transitioning from accounting background. Leveraging financial analysis skills in data analytics role. Strong attention to detail and business acumen.,Data Analyst,Senior,84,2024-09-29T16:40:52.147038
CON_035,Regulatory Consultant with compliance and policy development experience. Helped companies navigate complex regulatory environments. Expert in regulatory strategy and government relations.,Consultant,Senior,78,2025-01-22T16:40:52.147130
SE_049,Bootcamp graduate with intensive full-stack development training. Built 10+ projects including e-commerce sites and mobile apps.,Software Engineering,Junior,95,2025-04-03T16:40:52.146970
DA_025,Education Data Analyst with student performance and institutional research experience. Improved graduation rates through predictive analytics. Experience with student information systems.,Data Analyst,Lead,65,2025-02-15T16:40:52.147019
DA_014,Sales Data Analyst with CRM and sales performance analysis experience. Increased sales team productivity by 35% through territory optimization. Experience with Salesforce and sales forecasting.,Data Analyst,Junior,77,2024-08-12T16:40:52.146999
SE_005,"DevOps engineer with experience in AWS, Docker, Kubernetes, Terraform, and Jenkins. Automated deployment pipelines reducing deployment time by 80%. Expert in monitoring, logging, and infrastructure as code.",Software Engineering,Lead,66,2024-10-11T16:40:52.146883
SE_042,Search engineer with Elasticsearch and information retrieval experience. Built search systems handling billions of documents.,Software Engineering,Lead,90,2024-12-24T16:40:52.146958
SE_034,Healthcare software developer with HIPAA compliance and medical device experience. Built patient management systems and telemedicine platforms.,Software Engineering,Senior,72,2024-08-14T16:40:52.146943
DA_018,Transportation Data Analyst with logistics and route optimization experience. Improved delivery efficiency by 20% through data analysis. Experience with GPS data and fleet management systems.,Data Analyst,Mid,80,2024-09-17T16:40:52.147006
SE_007,"Python developer with machine learning background. Experience with Django, Flask, pandas, scikit-learn, and TensorFlow. Built recommendation systems and data processing pipelines.",Software Engineering,Junior,72,2024-09-05T16:40:52.146888
SE_022,Performance engineer specializing in application optimization. Reduced page load times by 60% and improved database query performance.,Software Engineering,Lead,73,2024-08-29T16:40:52.146922
CON_050,Independent Strategy Consultant with boutique firm experience. Specialized in growth strategy and market expansion for mid-market companies. Expert in competitive intelligence and strategic planning.,Consultant,Mid,89,2024-12-10T16:40:52.147158
CON_034,Performance Improvement Consultant with KPI development and measurement experience. Implemented performance management systems across industries. Expert in balanced scorecards and dashboards.,Consultant,Senior,76,2025-04-05T16:40:52.147128
DA_007,Supply Chain Analyst with expertise in inventory optimization and demand forecasting. Reduced costs by 15% through data-driven supply chain improvements. Experience with ERP systems and logistics data.,Data Analyst,Lead,77,2024-11-05T16:40:52.146987
CON_028,"Training and Development Consultant with learning design and delivery experience. Designed training programs for 5,000+ employees. Expert in adult learning principles and e-learning platforms.",Consultant,Junior,70,2024-08-29T16:40:52.147115
CON_041,Legal Operations Consultant with process improvement and technology implementation experience. Improved legal department efficiency by 40%. Expert in legal technology and vendor management.,Consultant,Partner,84,2025-06-13T16:40:52.147143
SE_013,"QA engineer with automation testing experience. Proficient in Selenium, Jest, Cypress, and API testing. Implemented CI/CD testing pipelines improving code quality.",Software Engineering,Junior,67,2024-12-31T16:40:52.146905
SE_035,EdTech developer with experience building learning management systems and educational games. Focused on user engagement and learning outcomes.,Software Engineering,Mid,90,2025-06-06T16:40:52.146945
SE_003,"Backend engineer specializing in Java, Spring Boot, and distributed systems. Experience with Apache Kafka, Redis, PostgreSQL, and Elasticsearch. Built high-performance APIs handling millions of requests per day.",Software Engineering,Junior,67,2024-08-18T16:40:52.146876
DA_043,Performance Analyst with KPI tracking and benchmarking experience. Monitored business performance and identified improvement opportunities. Experience with balanced scorecards and performance management.,Data Analyst,Junior,70,2025-06-05T16:40:52.147051
DA_019,Real Estate Data Analyst with property valuation and market analysis experience. Built pricing models and investment analysis tools. Experience with MLS data and property databases.,Data Analyst,Mid,61,2025-03-15T16:40:52.147008
DA_022,Telecommunications Data Analyst with network performance and customer analytics experience. Reduced churn by 25% through predictive modeling. Experience with telecom data and network optimization.,Data Analyst,Mid,85,2024-07-19T16:40:52.147013
CON_049,Freelance Business Consultant with diverse industry experience across 15+ sectors. Helped 200+ businesses improve performance and profitability. Strong problem-solving and analytical skills.,Consultant,Junior,75,2025-02-21T16:40:52.147157
DA_006,E-commerce Data Analyst with focus on conversion optimization and user behavior. Increased online sales by 30% through funnel analysis and personalization. Experience with web analytics and customer journey mapping.,Data Analyst,Senior,78,2025-01-13T16:40:52.146985
SE_008,"Game developer with Unity and C# experience. Developed 5+ mobile games with 1M+ downloads. Experience with 3D graphics, physics engines, and multiplayer networking.",Software Engineering,Junior,72,2024-07-11T16:40:52.146894
DA_011,Operations Research Analyst with optimization and simulation modeling experience. Improved operational efficiency by 25% through mathematical modeling. Experience with linear programming and decision analysis.,Data Analyst,Mid,61,2024-11-30T16:40:52.146994
DA_016,Quality Data Analyst with Six Sigma and process improvement experience. Reduced defect rates by 50% through statistical process control. Experience with quality management systems.,Data Analyst,Lead,89,2025-01-25T16:40:52.147003
CON_021,Government Consultant with public sector and policy analysis experience. Helped agencies improve service delivery and efficiency. Expert in stakeholder management and public engagement.,Consultant,Mid,87,2024-11-11T16:40:52.147103
DA_039,Database Analyst with data warehousing and ETL experience. Built and maintained analytical databases. Experience with SQL optimization and data quality management.,Data Analyst,Mid,77,2024-10-26T16:40:52.147043
SE_016,"AI/ML engineer with deep learning expertise. Experience with PyTorch, TensorFlow, computer vision, and NLP. Published research papers and deployed ML models in production.",Software Engineering,Senior,69,2025-01-10T16:40:52.146911
DA_032,Market Research Analyst with consumer behavior and brand analysis experience. Conducted primary research and competitive intelligence. Experience with survey design and statistical analysis.,Data Analyst,Junior,85,2025-01-29T16:40:52.147031
CON_005,"Financial Consultant with CPA and investment advisory experience. Provided financial planning and M&A advisory services. Expert in valuation, due diligence, and capital structure optimization.",Consultant,Junior,81,2024-10-06T16:40:52.147074
SE_043,Video streaming engineer with CDN and media processing experience. Built scalable video platforms serving millions of users.,Software Engineering,Senior,69,2025-07-03T16:40:52.146959
SE_037,Cryptocurrency developer with blockchain and DeFi experience. Built decentralized exchanges and yield farming protocols.,Software Engineering,Senior,67,2025-02-08T16:40:52.146949
DA_028,Customer Data Analyst with loyalty program and lifetime value analysis experience. Increased customer value by 30% through segmentation strategies. Experience with CRM and customer databases.,Data Analyst,Senior,88,2025-01-16T16:40:52.147024
SE_023,"Cloud engineer with multi-cloud experience (AWS, GCP, Azure). Designed fault-tolerant architectures and implemented disaster recovery solutions.",Software Engineering,Junior,71,2025-02-26T16:40:52.146924
CON_032,Cybersecurity Consultant with risk assessment and security framework experience. Improved security posture for 100+ organizations. Expert in compliance and incident response.,Consultant,Mid,88,2024-08-27T16:40:52.147124
DA_038,Consulting Data Analyst with client-facing experience across multiple industries. Delivered actionable insights and recommendations. Strong presentation and communication skills.,Data Analyst,Lead,70,2025-02-14T16:40:52.147042
